"","IV1","IV2","IV3","DV","weight"
"1",1,75,5,5,0.655309368217855
"2",1,54,5,11,0.197323226281349
"3",1,30,5,1,0.0704439954983273
"4",1,34,3,11,1.9636606217234
"5",2,74,3,6,2.04932406003182
"6",1,55,5,7,0.0503837523796739
"7",2,74,5,1,1.40182955772682
"8",2,79,3,9,1.25881956387457
"9",1,67,3,2,1.62477811028382
"10",1,73,5,2,0.270492863435746
"11",1,80,3,9,1.56676925036595
"12",1,53,3,1,0.639461267576873
"13",1,52,5,6,0.0661743953942987
"14",1,69,5,10,0.806573663139512
"15",1,48,5,1,0.0661743953942987
"16",1,77,5,8,0.306528723005967
"17",1,15,2,1,0.944415605661568
"18",1,78,3,1,2.78798024318703
"19",2,44,2,1,0.836665139017633
"20",1,32,5,3,0.303682103047779
"21",1,38,5,2,0.105113763617601
"22",1,26,5,1,0.303682103047779
"23",1,48,5,4,0.285275975888294
"24",1,32,3,6,0.50139353783706
"25",2,67,3,3,3.86006894245362
"26",2,57,6,4,0.799734042684008
"27",1,35,3,10,1.58570636671874
"28",1,37,5,8,0.0800313445441931
"29",1,35,3,1,0.658534004592347
"30",1,51,3,11,1.90678826226346
"31",2,52,0,11,2.44072406823627
"32",1,35,3,3,2.83892175661485
"33",2,52,3,6,3.11294683228514
"34",1,29,5,2,0.303682103047779
"35",1,28,5,1,0.0704439954983273
"36",2,60,5,11,0.984335716272819
"37",1,55,5,2,0.0661743953942987
"38",2,63,5,5,0.251336489483733
"39",1,26,5,NA,0.0704439954983273
"40",1,60,5,1,0.201474685231225
"41",1,57,5,11,0.41891292698995
"42",1,18,1,11,1.9636606217234
"43",1,37,5,2,0.301747250042225
"44",1,56,5,1,0.285275975888294
"45",1,26,5,11,0.210054604670803
"46",2,28,3,1,1.1240599652724
"47",1,31,5,1,0.0704439954983273
"48",1,33,5,7,0.267907718339255
"49",2,36,5,3,0.182783172432084
"50",2,43,3,1,1.47258527913654
"51",1,27,5,1,0.0704439954983273
"52",1,31,3,2,0.658534004592347
"53",1,54,5,11,0.197323226281349
"54",2,70,2,9,2.04932406003182
"55",1,28,5,11,0.210054604670803
"56",2,26,5,1,1.03492982218921
"57",1,30,2,2,0.658534004592347
"58",1,78,5,10,1.53112939454153
"59",1,29,5,11,0.210054604670803
"60",1,23,5,4,0.303682103047779
"61",2,36,5,1,1.03492982218921
"62",1,58,3,9,0.966889405402083
"63",2,77,3,10,2.72004411686499
"64",1,61,3,6,1.26991974185409
"65",1,42,2,9,0.531783115794416
"66",1,54,3,9,0.486871968682337
"67",1,45,5,2,0.0704439954983273
"68",2,52,5,1,0.873730694056374
"69",NA,31,3,11,1.9636606217234
"70",2,48,5,1,0.290661375464002
"71",1,54,5,2,0.285275975888294
"72",2,41,5,2,0.514675480548895
"73",1,41,2,11,1.58570636671874
"74",1,30,5,1,0.303682103047779
"75",2,45,5,1,0.514675480548895
"76",1,76,5,8,0.476085102905879
"77",1,17,2,1,0.944415605661568
"78",2,38,3,11,2.49482392040588
"79",1,25,5,1,0.0704439954983273
"80",1,27,5,11,0.10102501649092
"81",2,38,5,1,0.434350483654709
"82",1,25,5,1,0.170661102102296
"83",1,44,5,11,0.313435231859891
"84",1,45,3,11,1.58570636671874
"85",1,32,2,11,1.9636606217234
"86",1,24,2,11,1.9636606217234
"87",1,27,6,1,0.10102501649092
"88",1,32,5,9,0.0536345334879838
"89",1,40,3,4,0.762639848331707
"90",1,33,6,2,0.170661102102296
"91",1,51,5,4,0.0661743953942987
"92",1,30,5,11,0.210054604670803
"93",1,37,6,8,0.0800313445441931
"94",1,66,5,6,0.201474685231225
"95",1,37,5,2,0.18500708792488
"96",1,47,5,1,0.285275975888294
"97",1,49,3,4,2.75669971843029
"98",1,28,6,3,0.170661102102296
"99",NA,NA,5,1,0.0704439954983273
"100",1,36,5,11,0.210054604670803
"101",1,40,5,11,0.313435231859891
"102",1,37,2,1,0.531783115794416
"103",2,17,5,2,0.68915897826656
"104",2,47,5,6,0.202676023582377
"105",2,33,2,4,1.1240599652724
"106",1,52,5,5,0.251669871323344
"107",2,38,5,5,0.257119309751989
"108",NA,22,3,10,1.9636606217234
"109",1,47,5,3,0.0661743953942987
"110",2,33,2,11,3.35179698370709
"111",1,66,5,1,0.140486805272939
"112",1,36,3,11,1.9636606217234
"113",2,33,2,11,3.35179698370709
"114",1,55,5,1,0.0661743953942987
"115",1,31,5,2,0.10102501649092
"116",1,49,5,1,0.0661743953942987
"117",2,27,5,4,1.03492982218921
"118",1,23,5,1,0.0704439954983273
"119",2,65,5,9,0.251336489483733
"120",1,36,5,11,0.210054604670803
"121",1,21,6,3,0.20222168051119
"122",2,55,6,6,0.356723036305508
"123",2,23,5,1,0.240068779173038
"124",2,43,2,1,0.836665139017633
"125",1,29,5,5,0.303682103047779
"126",2,50,5,1,0.491012943113097
"127",1,46,5,3,0.105113763617601
"128",1,31,5,11,0.210054604670803
"129",1,26,5,1,0.10102501649092
"130",1,47,3,5,0.486871968682337
"131",2,46,5,1,0.514675480548895
"132",2,59,5,1,0.330107216048111
"133",1,30,2,6,0.50139353783706
"134",1,24,5,3,0.20222168051119
"135",2,59,3,1,1.26928732927291
"136",1,21,5,1,0.303682103047779
"137",1,14,5,8,0.20222168051119
"138",1,36,5,2,0.303682103047779
"139",1,30,5,1,0.303682103047779
"140",1,46,5,1,0.18500708792488
"141",1,64,3,4,3.07657027675876
"142",1,28,3,3,0.944415605661568
"143",1,60,5,1,0.140486805272939
"144",2,49,5,11,0.604352886412547
"145",2,58,5,1,1.42308301639589
"146",1,25,5,2,0.0704439954983273
"147",1,36,3,1,0.658534004592347
"148",NA,20,3,1,1.59539699871563
"149",1,34,5,10,0.210054604670803
"150",1,52,5,11,0.197323226281349
"151",1,32,3,11,1.9636606217234
"152",NA,30,5,NA,0.0704439954983273
"153",1,29,3,2,0.944415605661568
"154",2,60,3,1,3.78484562492501
"155",2,46,6,9,0.53461109771794
"156",1,61,5,NA,0.140486805272939
"157",1,56,5,1,0.0949019052467635
"158",1,57,5,3,0.140486805272939
"159",1,28,5,11,0.210054604670803
"160",1,47,5,3,0.189965054491617
"161",1,32,3,9,2.83892175661485
"162",2,33,3,3,1.61203486152519
"163",1,33,5,1,0.0704439954983273
"164",1,32,3,3,1.59539699871563
"165",1,37,2,1,0.531783115794416
"166",1,30,2,9,0.50139353783706
"167",1,45,3,1,2.29250220444386
"168",2,44,5,1,0.315557513347229
"169",1,34,5,2,0.0704439954983273
"170",2,24,5,2,0.344287007052108
"171",1,27,5,4,0.303682103047779
"172",1,59,3,3,1.26991974185409
"173",1,22,5,1,0.0704439954983273
"174",NA,NA,5,4,0.0704439954983273
"175",2,38,5,7,0.136505538017307
"176",1,46,3,9,1.58570636671874
"177",1,32,5,1,0.303682103047779
"178",1,25,5,11,0.210054604670803
"179",2,24,5,10,0.913012932014429
"180",1,36,5,7,0.303682103047779
"181",1,43,5,11,0.313435231859891
"182",1,38,5,1,0.453142508014301
"183",1,25,5,1,0.303682103047779
"184",2,30,3,11,3.35179698370709
"185",2,39,3,1,0.836665139017633
"186",1,48,5,1,0.0949019052467635
"187",1,74,5,8,0.387918740212874
"188",1,54,5,5,0.0949019052467635
"189",1,33,2,9,1.9636606217234
"190",1,43,5,6,0.150745562169922
"191",1,36,5,3,0.10102501649092
"192",2,54,5,11,0.154313137651292
"193",1,53,3,2,0.639461267576873
"194",1,57,5,1,0.140486805272939
"195",1,32,5,1,0.0704439954983273
"196",1,59,3,4,1.26991974185409
"197",1,54,6,5,0.251669871323344
"198",2,30,5,8,0.913012932014429
"199",1,32,5,1,0.303682103047779
"200",2,40,3,9,2.49482392040588
"201",1,44,5,3,0.453142508014301
"202",1,37,6,6,0.254653794382318
"203",1,58,3,11,3.78673139494398
"204",1,46,5,3,0.453142508014301
"205",1,52,3,1,0.639461267576873
"206",1,33,5,11,0.210054604670803
"207",1,54,5,4,0.0503837523796739
"208",1,33,5,1,0.0704439954983273
"209",1,53,3,11,1.90678826226346
"210",1,19,5,1,0.303682103047779
"211",1,39,2,1,1.28832403640454
"212",1,32,5,3,0.0704439954983273
"213",2,36,5,11,0.715853099277883
"214",2,37,5,1,0.257119309751989
"215",1,45,3,11,1.58570636671874
"216",1,79,5,3,1.53112939454153
"217",2,33,5,9,0.182783172432084
"218",2,26,5,11,0.715853099277883
"219",1,53,5,5,0.0503837523796739
"220",1,29,5,5,0.303682103047779
"221",1,66,5,3,0.201474685231225
"222",1,45,5,1,0.453142508014301
"223",1,28,5,3,0.0704439954983273
"224",1,29,5,3,0.0704439954983273
"225",2,27,5,1,0.240068779173038
"226",2,42,5,2,0.257119309751989
"227",2,49,5,4,0.873730694056374
"228",1,82,6,1,0.402597106365772
"229",2,30,3,1,4.84579121032168
"230",1,52,5,3,0.285275975888294
"231",1,41,2,1,0.531783115794416
"232",2,79,3,8,0.544546824478004
"233",1,46,3,7,2.02244066646113
"234",2,31,3,6,4.84579121032168
"235",1,83,2,5,2.45955035950749
"236",2,38,5,8,0.136505538017307
"237",2,61,5,10,1.25544087090961
"238",1,32,5,3,0.170661102102296
"239",1,45,3,1,2.29250220444386
"240",1,30,5,2,0.0704439954983273
"241",1,44,3,11,1.58570636671874
"242",2,27,5,1,0.344287007052108
"243",1,23,3,11,1.9636606217234
"244",1,66,5,6,0.605634705611819
"245",NA,NA,2,1,4.84579121032168
"246",1,53,3,1,0.486871968682337
"247",1,56,5,8,0.197323226281349
"248",1,41,5,4,0.399761376077992
"249",2,50,5,4,0.285275975888294
"250",NA,25,6,9,0.210054604670803
"251",NA,NA,5,11,0.210054604670803
"252",1,50,6,1,0.0949019052467635
"253",2,36,3,10,3.35179698370709
"254",2,39,5,6,0.136505538017307
"255",1,28,3,11,1.9636606217234
"256",1,55,3,1,2.75669971843029
"257",1,81,3,1,2.78798024318703
"258",1,79,3,8,0.49239654960347
"259",1,50,3,1,1.83568423733547
"260",1,34,5,11,0.210054604670803
"261",2,41,2,1,0.836665139017633
"262",1,61,3,1,1.26991974185409
"263",1,49,5,1,0.0661743953942987
"264",1,54,5,3,0.160317358052359
"265",1,26,5,11,0.210054604670803
"266",1,45,5,1,0.453142508014301
"267",1,25,3,6,1.59539699871563
"268",2,57,3,4,14.4852150447094
"269",1,26,2,2,0.658534004592347
"270",1,66,5,4,0.403291687970999
"271",1,35,2,1,0.658534004592347
"272",NA,NA,5,11,0.182783172432084
"273",1,50,5,11,0.197323226281349
"274",1,54,5,11,0.197323226281349
"275",1,39,5,1,0.150745562169922
"276",2,23,5,11,0.715853099277883
"277",2,58,2,2,0.966407900150668
"278",1,38,5,1,0.105113763617601
"279",1,26,5,5,0.20222168051119
"280",1,26,5,1,0.20222168051119
"281",1,33,3,1,0.658534004592347
"282",2,36,5,1,1.03492982218921
"283",1,68,5,3,0.776496577505447
"284",1,46,5,4,0.105113763617601
"285",1,55,3,7,2.75669971843029
"286",2,32,5,4,0.344287007052108
"287",1,26,2,4,1.89043582977331
"288",2,44,2,6,3.60684011697875
"289",2,59,5,1,0.330107216048111
"290",NA,NA,3,11,1.9636606217234
"291",1,27,5,3,0.303682103047779
"292",1,58,5,11,0.41891292698995
"293",2,30,5,11,0.715853099277883
"294",2,57,6,9,0.984335716272819
"295",1,65,5,1,0.140486805272939
"296",1,54,5,1,0.285275975888294
"297",2,27,5,5,1.03492982218921
"298",1,42,5,5,0.453142508014301
"299",1,55,3,1,0.91706304625768
"300",2,52,5,1,0.873730694056374
"301",1,30,5,8,0.0536345334879838
"302",1,47,5,1,0.285275975888294
"303",2,46,3,1,0.637018728131844
"304",1,29,5,1,0.303682103047779
"305",1,20,2,1,0.658534004592347
"306",1,29,2,6,0.50139353783706
"307",2,38,3,11,2.49482392040588
"308",NA,29,2,3,0.944415605661568
"309",1,58,5,1,0.403291687970999
"310",1,27,1,11,1.9636606217234
"311",1,26,5,11,0.210054604670803
"312",1,47,2,1,0.639461267576873
"313",2,31,5,1,1.03492982218921
"314",1,79,5,5,1.15572466953783
"315",1,70,5,2,0.270492863435746
"316",2,37,5,11,0.53461109771794
"317",1,82,3,5,0.646717293279522
"318",1,23,5,1,0.303682103047779
"319",2,46,2,1,0.836665139017633
"320",1,61,3,5,5.47458864563267
"321",1,49,5,1,0.0661743953942987
"322",1,48,5,3,0.0661743953942987
"323",2,36,3,1,12.8278680048324
"324",2,28,2,11,3.35179698370709
"325",1,82,3,7,1.56676925036595
"326",2,67,5,1,0.796464516121095
"327",1,30,5,1,0.0704439954983273
"328",2,48,5,1,0.770803397165582
"329",1,54,6,2,0.0661743953942987
"330",2,20,3,11,3.35179698370709
"331",1,29,5,1,0.0704439954983273
"332",1,32,3,3,0.658534004592347
"333",1,28,2,10,1.9636606217234
"334",2,53,5,11,0.604352886412547
"335",2,26,2,1,1.1240599652724
"336",NA,27,5,1,0.0704439954983273
"337",1,36,5,2,0.303682103047779
"338",1,32,5,4,0.303682103047779
"339",1,54,3,4,0.91706304625768
"340",1,66,3,9,0.966889405402083
"341",2,25,5,3,2.73968534282485
"342",1,31,5,11,0.210054604670803
"343",1,59,5,4,0.53428967495658
"344",NA,31,5,1,0.240068779173038
"345",NA,NA,5,9,0.160317358052359
"346",1,60,5,5,0.53428967495658
"347",1,22,5,2,0.303682103047779
"348",1,61,5,1,0.2472659511077
"349",1,28,2,2,0.944415605661568
"350",2,42,5,1,0.772902944556265
"351",1,28,2,3,0.658534004592347
"352",1,32,5,4,0.0704439954983273
"353",2,47,6,1,0.873730694056374
"354",1,17,5,1,0.0704439954983273
"355",1,82,3,2,0.646717293279522
"356",1,31,5,3,0.20222168051119
"357",2,26,3,10,0.855834928490615
"358",2,39,3,9,0.637018728131844
"359",2,27,5,11,0.715853099277883
"360",1,46,5,7,0.254653794382318
"361",1,66,3,11,3.78673139494398
"362",2,44,5,1,2.04604295211801
"363",1,38,3,9,0.531783115794416
"364",1,48,5,2,0.189965054491617
"365",1,59,5,11,0.106963612849163
"366",2,36,3,1,1.61203486152519
"367",1,29,5,1,0.303682103047779
"368",1,29,3,NA,2.83892175661485
"369",1,73,3,2,1.23707088659714
"370",1,41,3,1,0.531783115794416
"371",1,51,2,1,0.639461267576873
"372",1,29,5,1,0.303682103047779
"373",1,59,5,1,0.201474685231225
"374",2,71,5,11,1.40182955772682
"375",1,35,5,5,0.267907718339255
"376",1,45,5,1,0.105113763617601
"377",1,51,2,7,0.639461267576873
"378",2,67,3,8,8.02598488842625
"379",2,37,5,3,0.179287389676695
"380",1,30,5,1,0.0704439954983273
"381",1,34,5,11,0.210054604670803
"382",2,52,5,10,2.3129560331143
"383",2,40,5,1,0.179287389676695
"384",1,46,5,1,0.18500708792488
"385",1,33,5,11,0.210054604670803
"386",1,37,5,11,0.313435231859891
"387",1,17,5,1,0.10102501649092
"388",2,31,3,4,1.61203486152519
"389",1,51,3,1,0.639461267576873
"390",1,28,5,7,0.210054604670803
"391",2,47,3,1,0.818522191146204
"392",1,27,1,11,1.9636606217234
"393",2,32,5,11,0.715853099277883
"394",2,72,3,8,2.04932406003182
"395",1,45,3,1,0.531783115794416
"396",2,39,5,1,0.179287389676695
"397",2,38,5,6,0.136505538017307
"398",1,41,5,1,0.18500708792488
"399",2,35,2,9,1.97841894030675
"400",2,43,5,11,0.53461109771794
"401",1,24,5,1,0.0704439954983273
"402",1,42,5,1,0.453142508014301
"403",1,29,5,1,0.12398603208949
"404",NA,NA,5,1,0.453142508014301
"405",1,27,3,10,1.9636606217234
"406",2,31,5,11,0.715853099277883
"407",1,35,5,6,0.0536345334879838
"408",1,23,5,6,0.0704439954983273
"409",1,40,5,1,0.105113763617601
"410",1,66,5,1,0.105113763617601
"411",1,35,3,NA,0.50139353783706
"412",1,50,5,1,0.285275975888294
"413",1,40,5,1,0.453142508014301
"414",1,30,5,9,0.210054604670803
"415",1,47,5,6,0.0503837523796739
"416",1,30,1,11,1.9636606217234
"417",1,33,5,11,0.210054604670803
"418",1,59,5,2,0.41891292698995
"419",1,33,5,9,0.210054604670803
"420",2,29,2,11,3.35179698370709
"421",1,30,5,6,0.0704439954983273
"422",2,42,3,1,0.836665139017633
"423",1,66,3,1,1.26991974185409
"424",1,68,3,1,18.5421060973478
"425",1,37,2,1,0.531783115794416
"426",2,36,3,10,3.35179698370709
"427",1,32,2,NA,0.50139353783706
"428",1,57,5,1,0.201474685231225
"429",1,32,5,6,0.0536345334879838
"430",1,24,5,10,0.0536345334879838
"431",1,28,5,1,0.0704439954983273
"432",2,47,3,10,2.44072406823627
"433",1,50,3,1,0.639461267576873
"434",1,49,3,3,1.90678826226346
"435",2,39,5,6,0.772902944556265
"436",1,41,3,11,1.58570636671874
"437",2,47,3,11,2.44072406823627
"438",1,42,5,1,0.254653794382318
"439",1,23,5,NA,0.0536345334879838
"440",1,75,5,1,0.476085102905879
"441",2,32,2,1,1.1240599652724
"442",1,51,3,11,1.90678826226346
"443",2,62,5,1,0.473412768669886
"444",1,43,5,7,0.453142508014301
"445",1,27,5,9,0.170661102102296
"446",1,26,5,11,0.0704439954983273
"447",2,39,5,1,0.257119309751989
"448",2,43,5,1,0.179287389676695
"449",2,46,3,1,0.818522191146204
"450",1,37,3,11,1.58570636671874
"451",1,71,3,1,2.85971557256053
"452",1,52,5,1,0.0949019052467635
"453",2,63,5,8,0.251336489483733
"454",2,30,5,11,0.715853099277883
"455",1,30,2,11,1.9636606217234
"456",2,42,2,1,0.836665139017633
"457",NA,57,3,9,5.47458864563267
"458",1,49,5,1,0.0661743953942987
"459",1,35,5,8,0.0536345334879838
"460",1,49,3,11,1.90678826226346
"461",1,57,5,3,0.201474685231225
"462",1,53,5,1,0.0661743953942987
"463",1,47,5,2,0.0949019052467635
"464",2,40,5,11,0.136505538017307
"465",1,37,5,3,0.453142508014301
"466",2,64,5,6,0.251336489483733
"467",1,65,3,1,1.26991974185409
"468",1,55,5,1,0.0661743953942987
"469",1,53,5,11,0.197323226281349
"470",2,29,3,1,1.1240599652724
"471",NA,31,1,NA,0.658534004592347
"472",1,42,3,4,0.762639848331707
"473",1,41,5,11,0.313435231859891
"474",1,47,3,1,1.12549358793333
"475",2,30,3,1,1.1240599652724
"476",2,48,2,1,1.17385757684192
"477",1,49,5,1,0.0949019052467635
"478",2,48,5,1,0.290661375464002
"479",2,36,3,2,0.855834928490615
"480",1,76,3,3,1.62477811028382
"481",1,36,5,1,0.12398603208949
"482",2,52,5,6,0.770803397165582
"483",1,30,5,1,0.303682103047779
"484",2,62,5,11,0.581010256337392
"485",1,32,5,1,0.0704439954983273
"486",1,47,5,1,0.0661743953942987
"487",2,55,5,1,0.202676023582377
"488",1,64,2,3,1.26991974185409
"489",1,27,2,9,0.50139353783706
"490",2,56,6,11,0.604352886412547
"491",1,30,3,9,1.9636606217234
"492",1,75,3,1,1.62477811028382
"493",2,31,5,1,0.240068779173038
"494",1,29,3,9,2.5044908564753
"495",1,61,3,3,1.26991974185409
"496",2,38,5,1,0.179287389676695
"497",1,37,5,1,0.105113763617601
"498",1,31,5,1,0.303682103047779
"499",1,51,5,1,0.285275975888294
"500",1,30,5,1,0.0704439954983273
"501",2,40,5,2,0.179287389676695
"502",2,42,5,11,0.53461109771794
"503",2,43,5,1,0.179287389676695
"504",1,33,6,8,0.0536345334879838
"505",1,28,3,4,0.658534004592347
"506",1,50,5,10,0.197323226281349
"507",1,56,3,1,0.91706304625768
"508",1,55,5,1,0.0661743953942987
"509",1,67,5,1,0.476085102905879
"510",1,75,5,8,0.20594741169316
"511",1,67,3,11,4.84487174838835
"512",1,26,5,4,0.170661102102296
"513",2,27,3,10,3.35179698370709
"514",2,69,3,5,2.04932406003182
"515",1,40,3,1,2.29250220444386
"516",1,34,1,4,0.658534004592347
"517",1,45,3,5,0.404888154492844
"518",1,61,5,4,0.2472659511077
"519",NA,27,3,1,0.658534004592347
"520",1,49,5,2,0.160317358052359
"521",1,55,5,1,0.0661743953942987
"522",1,31,5,8,0.0536345334879838
"523",1,56,3,11,2.44072406823627
"524",2,40,3,1,0.836665139017633
"525",1,25,3,2,1.9636606217234
"526",NA,30,3,9,0.855834928490615
"527",1,26,1,10,1.9636606217234
"528",2,41,3,1,0.836665139017633
"529",1,53,6,1,0.285275975888294
"530",2,44,5,11,0.53461109771794
"531",2,33,3,1,1.1240599652724
"532",1,42,5,4,0.0800313445441931
"533",2,73,5,6,0.606410843957623
"534",1,39,3,1,0.531783115794416
"535",1,56,3,1,0.639461267576873
"536",1,74,5,11,0.20594741169316
"537",1,57,3,1,2.23514167177437
"538",1,27,6,8,0.267907718339255
"539",1,46,3,1,0.531783115794416
"540",1,28,5,9,0.0536345334879838
"541",NA,23,1,9,3.35179698370709
"542",1,23,0,11,1.9636606217234
"543",2,35,5,4,0.240068779173038
"544",1,30,5,1,0.0704439954983273
"545",1,26,5,1,0.0704439954983273
"546",1,36,5,11,0.210054604670803
"547",1,24,5,1,0.0704439954983273
"548",1,39,3,1,0.404888154492844
"549",1,63,5,1,0.605634705611819
"550",2,57,3,11,3.78484562492501
"551",1,46,5,1,0.453142508014301
"552",1,49,5,1,0.0661743953942987
"553",NA,NA,2,3,0.658534004592347
"554",1,48,0,1,0.639461267576873
"555",1,64,5,1,0.140486805272939
"556",2,30,3,3,1.61203486152519
"557",2,33,5,11,0.182783172432084
"558",1,26,5,1,0.0704439954983273
"559",1,29,5,2,0.10102501649092
"560",2,26,5,11,0.715853099277883
"561",1,46,5,3,0.105113763617601
"562",2,40,3,11,2.49482392040588
"563",1,62,5,11,0.106963612849163
"564",1,38,5,8,0.313435231859891
"565",1,NA,3,1,1.82121502273392
"566",2,31,5,9,1.03492982218921
"567",1,26,1,1,0.658534004592347
"568",1,34,5,1,0.0704439954983273
"569",1,31,5,1,0.0704439954983273
"570",1,47,5,1,0.0661743953942987
"571",2,33,3,8,4.84579121032168
"572",2,59,5,8,1.25544087090961
"573",1,60,3,9,0.966889405402083
"574",1,71,5,5,1.028719699351
"575",1,25,5,1,0.12398603208949
"576",1,31,5,1,0.0704439954983273
"577",1,61,5,3,0.403291687970999
"578",1,37,2,11,1.58570636671874
"579",2,37,5,1,0.772902944556265
"580",2,63,3,11,0.966407900150668
"581",1,56,5,1,0.116471257100329
"582",1,66,5,5,0.140486805272939
"583",1,66,6,3,0.605634705611819
"584",1,32,6,6,0.0704439954983273
"585",1,57,5,1,0.605634705611819
"586",1,70,5,2,0.655309368217855
"587",1,31,5,7,0.0536345334879838
"588",1,49,5,1,0.0949019052467635
"589",1,29,6,3,0.20222168051119
"590",2,48,2,3,0.818522191146204
"591",2,41,5,8,0.681853366713488
"592",1,24,5,2,0.303682103047779
"593",1,56,5,3,0.285275975888294
"594",1,40,5,2,0.18500708792488
"595",NA,20,5,10,0.0536345334879838
"596",1,20,5,3,0.10102501649092
"597",1,24,5,1,0.0704439954983273
"598",1,46,5,7,0.453142508014301
"599",1,71,5,5,0.387918740212874
"600",1,59,5,2,0.140486805272939
"601",1,64,5,1,0.2472659511077
"602",1,43,3,1,0.935973009383049
"603",1,56,5,1,0.160317358052359
"604",1,48,5,4,0.189965054491617
"605",1,34,5,9,0.0704439954983273
"606",1,55,5,10,0.197323226281349
"607",1,58,5,11,0.41891292698995
"608",1,50,5,1,0.0661743953942987
"609",1,44,5,1,0.105113763617601
"610",1,61,5,5,0.605634705611819
"611",1,58,5,7,0.340350271859291
"612",2,44,5,6,0.136505538017307
"613",1,8,5,1,0.303682103047779
"614",2,49,5,3,0.154313137651292
"615",1,45,3,10,0.404888154492844
"616",2,49,5,6,0.491012943113097
"617",1,50,6,1,0.0661743953942987
"618",1,46,5,9,0.399761376077992
"619",1,62,3,5,3.64552439843034
"620",1,31,5,10,0.210054604670803
"621",2,55,5,11,0.356723036305508
"622",2,58,5,5,0.799734042684008
"623",1,70,3,1,2.33012386966902
"624",2,55,5,1,0.873730694056374
"625",1,48,3,1,1.54919044418756
"626",1,66,3,11,3.78673139494398
"627",1,67,5,8,0.655309368217855
"628",1,44,5,2,0.105113763617601
"629",1,41,3,11,1.58570636671874
"630",2,36,5,10,0.182783172432084
"631",1,51,2,1,0.639461267576873
"632",1,61,5,11,0.41891292698995
"633",1,70,5,11,0.806573663139512
"634",2,58,5,9,1.25544087090961
"635",2,58,5,6,0.799734042684008
"636",1,67,5,1,1.1660872022731
"637",1,70,5,2,0.20594741169316
"638",NA,NA,3,1,2.75669971843029
"639",1,46,3,2,2.29250220444386
"640",1,59,6,3,0.403291687970999
"641",1,65,5,11,0.41891292698995
"642",1,32,5,1,0.20222168051119
"643",2,43,5,4,0.315557513347229
"644",1,59,5,6,0.201474685231225
"645",1,49,3,7,0.639461267576873
"646",2,48,3,11,2.44072406823627
"647",2,39,2,11,2.49482392040588
"648",2,NA,5,8,0.136505538017307
"649",1,49,5,11,0.197323226281349
"650",2,27,5,1,1.03492982218921
"651",1,42,5,6,0.453142508014301
"652",1,70,5,5,0.776496577505447
"653",1,62,5,1,0.605634705611819
"654",NA,42,5,11,0.313435231859891
"655",1,59,5,10,0.106963612849163
"656",1,82,3,1,0.646717293279522
"657",1,44,5,1,0.453142508014301
"658",2,55,5,11,0.604352886412547
"659",1,50,3,11,1.90678826226346
"660",2,64,5,11,0.984335716272819
"661",2,58,5,4,0.473412768669886
"662",1,49,5,3,0.0661743953942987
"663",2,70,5,8,0.606410843957623
"664",1,54,5,4,0.285275975888294
"665",1,44,3,1,0.531783115794416
"666",1,41,3,1,0.762639848331707
"667",1,59,5,3,0.2472659511077
"668",2,36,3,6,1.97841894030675
"669",1,83,2,NA,0.646717293279522
"670",1,70,3,11,4.84487174838835
"671",2,82,3,8,3.08325838058271
"672",2,45,5,3,0.434350483654709
"673",1,30,3,11,1.9636606217234
"674",1,27,5,1,0.0704439954983273
"675",NA,43,5,9,0.301747250042225
"676",2,26,3,NA,4.84579121032168
"677",1,49,5,1,0.755187833072538
"678",1,54,3,2,0.639461267576873
"679",2,53,5,1,0.491012943113097
"680",NA,59,5,5,0.605634705611819
"681",1,26,6,1,0.10102501649092
"682",1,26,5,11,0.0536345334879838
"683",2,45,3,1,9.54809378426897
"684",1,78,3,9,1.56676925036595
"685",1,68,5,11,0.806573663139512
"686",1,56,5,4,0.189965054491617
"687",1,NA,5,3,0.105113763617601
"688",2,52,5,10,0.154313137651292
"689",1,34,3,11,1.9636606217234
"690",1,52,5,3,0.160317358052359
"691",1,35,5,7,0.0536345334879838
"692",2,72,5,11,2.374951021512
"693",2,31,3,11,3.35179698370709
"694",1,48,5,1,0.160317358052359
"695",1,66,5,8,0.106963612849163
"696",1,65,5,1,0.403291687970999
"697",2,73,5,8,1.40182955772682
"698",1,64,5,11,0.41891292698995
"699",1,70,5,6,0.20594741169316
"700",1,43,5,6,0.254653794382318
"701",1,50,5,11,0.197323226281349
"702",1,39,5,1,0.105113763617601
"703",1,48,5,7,0.116471257100329
"704",1,40,3,1,1.52657546725862
"705",1,66,5,2,0.140486805272939
"706",1,23,5,10,0.210054604670803
"707",1,61,5,2,0.140486805272939
"708",2,48,5,1,0.202676023582377
"709",1,62,5,5,0.340350271859291
"710",2,44,5,1,2.04604295211801
"711",2,40,5,10,0.53461109771794
"712",2,51,5,4,0.202676023582377
"713",2,51,3,6,0.623205080307112
"714",2,33,5,11,0.715853099277883
"715",2,59,5,1,0.330107216048111
"716",1,33,3,1,0.658534004592347
"717",1,56,5,10,0.0503837523796739
"718",2,58,5,4,0.251336489483733
"719",1,83,2,1,1.13826466699049
"720",1,56,5,11,0.0503837523796739
"721",2,35,5,1,0.913012932014429
"722",2,27,5,NA,0.913012932014429
"723",2,63,5,7,0.251336489483733
"724",1,63,5,6,0.605634705611819
"725",1,45,5,1,0.105113763617601
"726",2,21,5,9,0.715853099277883
"727",1,49,5,10,0.197323226281349
"728",1,35,6,3,0.10102501649092
"729",2,42,5,7,0.514675480548895
"730",2,38,5,1,0.434350483654709
"731",1,51,6,3,0.0661743953942987
"732",2,67,5,6,1.92955426711742
"733",1,46,5,8,0.105113763617601
"734",2,66,5,1,0.251336489483733
"735",1,56,5,1,0.160317358052359
"736",1,63,3,1,1.26991974185409
"737",2,42,5,6,0.514675480548895
"738",1,65,5,10,0.106963612849163
"739",1,68,3,3,1.62477811028382
"740",2,41,5,8,0.136505538017307
"741",1,26,5,4,0.0704439954983273
"742",1,21,2,1,0.944415605661568
"743",2,69,5,11,2.374951021512
"744",1,72,3,6,1.62477811028382
"745",1,59,3,5,0.966889405402083
"746",2,49,5,4,0.581816601943412
"747",2,34,5,11,0.715853099277883
"748",1,43,5,2,0.150745562169922
"749",1,35,3,10,0.50139353783706
"750",1,24,2,10,0.50139353783706
"751",1,52,5,7,0.251669871323344
"752",1,44,3,1,6.06875418337328
"753",1,37,3,11,1.58570636671874
"754",1,40,3,11,1.58570636671874
"755",2,40,5,6,0.136505538017307
"756",1,50,5,4,0.251669871323344
"757",1,53,6,1,0.755187833072538
"758",2,73,5,8,0.606410843957623
"759",NA,55,5,1,0.285275975888294
"760",NA,31,5,6,0.422536727902377
"761",1,63,6,1,0.53428967495658
"762",1,35,5,2,0.0704439954983273
"763",2,69,5,7,0.606410843957623
"764",NA,46,5,4,0.150745562169922
"765",2,51,5,1,0.873730694056374
"766",1,56,5,1,0.285275975888294
"767",1,51,5,2,0.160317358052359
"768",1,55,5,7,0.285275975888294
"769",1,59,3,11,3.78673139494398
"770",1,49,5,5,0.0661743953942987
"771",2,45,5,6,0.136505538017307
"772",1,50,5,8,0.160317358052359
"773",1,50,3,11,0.639461267576873
"774",1,52,5,1,0.285275975888294
"775",1,56,5,1,0.189965054491617
"776",1,31,3,11,1.9636606217234
"777",1,25,5,8,0.210054604670803
"778",2,56,5,8,0.154313137651292
"779",1,47,5,4,0.160317358052359
"780",2,49,5,10,0.154313137651292
"781",1,81,3,6,0.49239654960347
"782",1,78,3,1,0.646717293279522
"783",1,72,5,1,0.476085102905879
"784",1,72,5,3,0.270492863435746
"785",1,18,5,8,0.303682103047779
"786",1,50,5,1,0.0949019052467635
"787",1,28,5,4,0.170661102102296
"788",1,67,5,5,1.028719699351
"789",1,44,6,10,0.0800313445441931
"790",1,55,5,1,0.116471257100329
"791",1,50,5,1,0.285275975888294
"792",2,63,3,9,5.47186233260506
"793",2,50,3,1,0.818522191146204
"794",1,67,5,4,1.1660872022731
"795",1,26,5,11,0.210054604670803
"796",1,47,5,1,0.285275975888294
"797",2,54,5,1,0.202676023582377
"798",1,57,5,1,0.2472659511077
"799",1,47,3,8,0.486871968682337
"800",2,79,2,6,8.1620585399268
"801",1,64,5,4,0.106963612849163
"802",1,60,5,6,0.106963612849163
"803",1,48,3,4,7.29758641719004
"804",1,72,5,1,1.1660872022731
"805",NA,44,3,1,0.762639848331707
"806",1,49,3,2,0.639461267576873
"807",1,55,3,1,0.639461267576873
"808",1,26,2,1,0.658534004592347
"809",2,45,3,1,0.836665139017633
"810",2,58,3,1,1.26928732927291
"811",1,29,5,4,0.0704439954983273
"812",1,40,5,1,0.453142508014301
"813",2,61,3,NA,3.78484562492501
"814",1,54,5,1,0.0661743953942987
"815",1,48,3,9,9.34104491881378
"816",1,NA,1,11,1.9636606217234
"817",2,36,2,NA,1.1240599652724
"818",1,55,3,1,2.75669971843029
"819",2,61,3,11,3.78484562492501
"820",1,55,5,2,0.0661743953942987
"821",1,51,5,1,0.0661743953942987
"822",1,40,3,1,2.29250220444386
"823",1,40,6,2,0.254653794382318
"824",1,31,5,8,0.0704439954983273
"825",NA,28,5,1,0.303682103047779
"826",1,26,3,9,2.83892175661485
"827",1,52,5,6,0.0661743953942987
"828",1,45,3,1,0.531783115794416
"829",NA,53,5,2,0.0661743953942987
"830",1,51,5,2,0.160317358052359
"831",1,NA,5,11,0.806573663139512
"832",1,39,5,11,0.313435231859891
"833",2,43,3,4,3.60684011697875
"834",1,59,5,11,0.106963612849163
"835",1,51,5,1,0.116471257100329
"836",2,63,5,1,1.42308301639589
"837",1,35,3,8,1.9636606217234
"838",1,54,3,4,1.83568423733547
"839",1,64,5,1,0.106963612849163
"840",1,58,5,1,0.140486805272939
"841",1,39,2,6,0.404888154492844
"842",1,25,5,11,0.0536345334879838
"843",1,50,5,1,0.0661743953942987
"844",1,57,6,1,0.605634705611819
"845",1,36,5,1,0.0704439954983273
"846",1,29,5,1,0.303682103047779
"847",1,41,5,9,0.313435231859891
"848",1,81,3,6,1.85651391488346
"849",1,59,3,1,1.26991974185409
"850",2,48,5,11,0.604352886412547
"851",1,50,5,1,0.285275975888294
"852",2,44,5,11,0.53461109771794
"853",1,29,5,8,0.210054604670803
"854",1,48,3,1,0.639461267576873
"855",2,59,5,11,0.984335716272819
"856",NA,55,5,4,0.189965054491617
"857",1,34,3,4,1.89043582977331
"858",2,61,5,5,0.799734042684008
"859",1,55,5,5,0.189965054491617
"860",1,34,5,2,0.0704439954983273
"861",2,60,5,7,0.947629893873699
"862",2,43,5,1,0.179287389676695
"863",1,49,5,7,0.160317358052359
"864",1,34,3,7,0.944415605661568
"865",1,38,6,1,0.453142508014301
"866",1,65,5,7,0.53428967495658
"867",1,71,5,4,0.776496577505447
"868",1,45,5,1,0.105113763617601
"869",1,56,5,1,0.0949019052467635
"870",1,65,5,1,0.201474685231225
"871",1,61,5,1,0.140486805272939
"872",1,67,5,4,0.387918740212874
"873",2,68,5,7,0.606410843957623
"874",2,39,5,1,0.772902944556265
"875",1,52,3,10,1.90678826226346
"876",1,51,5,4,0.116471257100329
"877",1,55,5,11,0.197323226281349
"878",2,49,5,1,0.202676023582377
"879",1,35,6,1,0.303682103047779
"880",1,59,5,2,0.201474685231225
"881",1,21,3,11,1.9636606217234
"882",1,41,6,5,0.254653794382318
"883",1,52,5,3,0.160317358052359
"884",1,59,5,1,0.2472659511077
"885",1,24,5,1,0.170661102102296
"886",1,34,5,1,0.303682103047779
"887",1,42,5,8,0.399761376077992
"888",1,68,5,4,0.270492863435746
"889",1,52,5,1,0.0661743953942987
"890",2,72,5,9,3.43353635107664
"891",2,57,3,10,0.966407900150668
"892",1,61,3,11,3.78673139494398
"893",1,29,5,7,0.0536345334879838
"894",1,43,2,11,1.58570636671874
"895",2,48,5,6,0.491012943113097
"896",1,59,5,2,0.2472659511077
"897",1,85,2,11,7.38039280014906
"898",1,56,5,2,0.160317358052359
"899",1,58,5,1,0.140486805272939
"900",1,56,2,4,2.75669971843029
"901",1,46,5,1,0.105113763617601
"902",1,70,5,3,1.1660872022731
"903",1,42,3,11,1.58570636671874
"904",1,63,5,8,0.340350271859291
"905",2,58,5,2,0.251336489483733
"906",2,57,5,9,1.25544087090961
"907",2,57,3,8,2.23402858433479
"908",2,42,2,1,2.40179207951501
"909",1,63,5,9,0.53428967495658
"910",2,60,5,11,0.251336489483733
"911",2,54,3,8,1.98299227986741
"912",1,64,6,9,0.53428967495658
"913",1,69,5,3,0.387918740212874
"914",1,70,5,4,0.270492863435746
"915",1,61,5,3,0.605634705611819
"916",1,69,3,1,7.0043731907385
"917",2,64,3,7,0.966407900150668
"918",1,61,6,6,0.140486805272939
"919",2,44,2,8,2.49482392040588
"920",NA,28,5,1,0.0704439954983273
"921",1,67,5,11,0.806573663139512
"922",2,35,5,5,0.270492863435746
"923",NA,NA,5,1,0.270492863435746
"924",1,4,5,4,3.08688758216031
"925",1,28,3,1,1.89043582977331
"926",1,41,5,1,0.150745562169922
"927",1,64,3,1,1.26991974185409
"928",1,81,3,11,1.92842476370931
"929",2,68,5,4,1.92955426711742
"930",1,40,3,11,1.58570636671874
"931",1,NA,3,11,1.58570636671874
"932",1,43,5,1,0.105113763617601
"933",1,27,5,2,0.20222168051119
"934",2,47,5,9,0.154313137651292
"935",1,29,5,1,0.10102501649092
"936",NA,NA,3,5,3.64370894866721
"937",NA,NA,5,3,3.43353635107664
"938",NA,NA,3,10,0.623205080307112
"939",NA,NA,5,2,0.873730694056374
"940",NA,NA,5,2,7.08492100512816
"941",NA,NA,3,9,2.29250220444386
"942",NA,NA,3,1,0.927469044825521
"943",NA,NA,5,1,0.116471257100329
"944",NA,NA,6,1,2.04604295211801
"945",NA,NA,5,2,0.240068779173038
"946",NA,NA,5,NA,0.105113763617601
"947",NA,NA,5,1,0.0704439954983273
"948",NA,NA,5,1,0.257119309751989
"949",NA,NA,2,1,4.84579121032168
"950",NA,NA,5,1,0.257119309751989
"951",NA,NA,3,1,0.836665139017633
"952",NA,NA,3,NA,9.34104491881378
"953",NA,NA,3,1,7.51524611550168
"954",NA,NA,3,3,3.60684011697875
"955",NA,NA,5,1,0.655309368217855
"956",NA,NA,3,8,0.404888154492844
"957",NA,NA,5,10,0.136505538017307
"958",NA,NA,5,1,0.491012943113097
"959",NA,NA,5,1,0.150745562169922
"960",NA,NA,3,11,2.72004411686499
"961",NA,NA,2,11,2.132666409154
"962",NA,NA,3,1,0.639461267576873
"963",NA,NA,5,11,0.715853099277883
"964",NA,NA,5,4,0.140486805272939
"965",NA,NA,3,8,0.531783115794416
"966",NA,NA,3,4,1.59539699871563
"967",NA,NA,5,9,0.53428967495658
"968",NA,NA,5,3,0.453142508014301
"969",NA,NA,5,7,0.581816601943412
"970",NA,NA,5,9,0.197323226281349
"971",NA,NA,3,8,0.966407900150668
"972",NA,NA,2,6,0.818522191146204
"973",NA,NA,3,1,0.531783115794416
"974",NA,NA,3,7,1.23707088659714
"975",NA,NA,5,1,0.776496577505447
"976",NA,NA,3,11,2.44072406823627
"977",NA,NA,5,5,0.154313137651292
"978",NA,NA,3,1,2.29250220444386
"979",NA,NA,3,1,2.78798024318703
"980",NA,NA,3,1,1.82121502273392
"981",NA,NA,3,1,0.715211852467237
"982",NA,NA,5,1,0.140486805272939
"983",NA,NA,5,7,0.116471257100329
"984",NA,NA,5,6,1.42308301639589
"985",NA,NA,5,10,0.136505538017307
"986",NA,NA,5,11,0.604352886412547
"987",NA,NA,3,1,2.78798024318703
"988",NA,NA,5,6,0.605634705611819
"989",NA,NA,5,1,0.301747250042225
"990",NA,NA,3,1,0.715211852467237
"991",NA,NA,5,11,0.984335716272819
"992",NA,NA,5,3,0.913012932014429
"993",NA,NA,3,1,0.818522191146204
"994",NA,NA,5,1,0.105113763617601
"995",NA,NA,6,8,0.160317358052359
"996",NA,NA,5,9,0.0949019052467635
"997",NA,NA,5,11,0.984335716272819
"998",NA,NA,5,2,0.150745562169922
"999",NA,NA,3,9,4.73738731643475
"1000",NA,NA,5,8,0.491012943113097
"1001",NA,NA,5,4,0.170661102102296
"1002",NA,NA,5,1,0.270492863435746
"1003",NA,NA,3,10,0.966889405402083
"1004",NA,NA,3,11,1.92842476370931
"1005",NA,NA,5,2,0.605634705611819
"1006",NA,NA,5,9,0.154313137651292
"1007",NA,NA,3,1,1.26991974185409
"1008",NA,NA,5,9,3.76721164860781
"1009",NA,NA,5,1,0.202676023582377
"1010",NA,NA,2,1,0.646717293279522
"1011",NA,NA,5,7,0.655309368217855
"1012",NA,NA,5,8,0.20594741169316
"1013",NA,NA,5,3,0.105113763617601
"1014",NA,NA,3,11,2.44072406823627
"1015",NA,NA,3,8,3.08325838058271
"1016",NA,NA,3,3,0.927469044825521
"1017",NA,NA,5,7,0.106963612849163
"1018",NA,NA,3,7,2.05313940108465
"1019",NA,NA,5,2,0.799734042684008
"1020",NA,NA,3,NA,0.818522191146204
"1021",NA,NA,2,1,3.64370894866721
"1022",NA,NA,3,1,2.29250220444386
"1023",NA,NA,5,8,0.0800313445441931
"1024",NA,NA,2,1,0.531783115794416
"1025",NA,NA,3,1,1.54919044418756
"1026",NA,NA,5,6,0.873730694056374
"1027",NA,NA,3,1,0.639461267576873
"1028",NA,NA,3,1,2.75669971843029
"1029",NA,NA,5,5,0.387918740212874
"1030",NA,NA,5,1,0.116471257100329
"1031",NA,NA,5,3,0.387918740212874
"1032",NA,NA,2,1,0.531783115794416
"1033",NA,NA,5,11,0.197323226281349
"1034",NA,NA,5,1,0.202676023582377
"1035",NA,NA,5,11,0.581010256337392
"1036",NA,NA,5,5,0.681853366713488
"1037",NA,NA,3,7,0.544546824478004
"1038",NA,NA,5,1,0.0704439954983273
"1039",NA,NA,5,3,0.0661743953942987
"1040",NA,NA,5,9,0.136505538017307
"1041",NA,NA,2,9,2.49482392040588
"1042",NA,NA,2,8,0.544546824478004
"1043",NA,NA,5,1,0.240068779173038
"1044",NA,NA,3,6,2.29250220444386
"1045",NA,NA,3,6,0.944415605661568
"1046",NA,NA,3,6,7.0043731907385
"1047",NA,NA,5,6,0.270492863435746
"1048",NA,NA,2,10,7.38039280014906
"1049",NA,NA,5,1,0.873730694056374
"1050",NA,NA,3,NA,2.83892175661485
"1051",NA,NA,3,1,11.6034017619694
"1052",NA,NA,2,9,1.9636606217234
"1053",NA,NA,3,4,1.56676925036595
"1054",NA,NA,6,9,0.106963612849163
"1055",NA,NA,5,7,0.399761376077992
"1056",NA,NA,5,3,0.10102501649092
"1057",NA,NA,3,9,0.486871968682337
"1058",NA,NA,6,1,0.605634705611819
"1059",NA,NA,2,8,0.49239654960347
"1060",NA,NA,5,2,0.240068779173038
"1061",NA,NA,2,7,0.50139353783706
"1062",NA,NA,5,9,0.313435231859891
"1063",NA,NA,6,1,1.19956721779606
"1064",NA,NA,5,7,0.154313137651292
"1065",NA,NA,3,10,0.637018728131844
"1066",NA,NA,5,1,0.913012932014429
"1067",NA,NA,3,8,0.637018728131844
"1068",NA,NA,5,5,0.399761376077992
"1069",NA,NA,5,11,0.984335716272819
"1070",NA,NA,5,1,0.0661743953942987
"1071",NA,NA,3,6,0.637018728131844
"1072",NA,NA,5,NA,0.755187833072538
"1073",NA,NA,3,1,0.715211852467237
"1074",NA,NA,5,10,2.28638923414507
"1075",NA,NA,5,3,0.136505538017307
"1076",NA,NA,3,11,4.84487174838835
"1077",NA,NA,5,6,0.344287007052108
"1078",NA,NA,3,6,2.05313940108465
"1079",NA,NA,2,10,2.44072406823627
"1080",NA,NA,6,1,0.2472659511077
"1081",NA,NA,5,1,0.285275975888294
"1082",NA,NA,3,9,1.90678826226346
"1083",NA,NA,5,11,0.715853099277883
"1084",NA,NA,5,1,0.140486805272939
"1085",NA,NA,3,1,0.531783115794416
"1086",NA,NA,5,10,0.251669871323344
"1087",NA,NA,3,6,2.29250220444386
"1088",NA,NA,5,9,0.154313137651292
"1089",NA,NA,5,6,0.202676023582377
"1090",NA,NA,5,9,0.984335716272819
"1091",NA,NA,3,10,10.2364968492523
"1092",NA,NA,1,7,1.9636606217234
"1093",NA,NA,2,1,1.1240599652724
"1094",NA,NA,6,11,0.53461109771794
"1095",NA,NA,5,11,0.806573663139512
"1096",NA,NA,3,7,0.623205080307112
"1097",NA,NA,5,6,0.301747250042225
"1098",NA,NA,3,1,2.29250220444386
"1099",NA,NA,3,1,0.646717293279522
"1100",NA,NA,5,4,0.873730694056374
"1101",NA,NA,5,1,0.873730694056374
"1102",NA,NA,5,4,1.92955426711742
"1103",NA,NA,3,2,1.61203486152519
"1104",NA,NA,6,1,0.10102501649092
"1105",NA,NA,5,1,0.799734042684008
"1106",NA,NA,5,3,0.41891292698995
"1107",NA,NA,5,10,0.313435231859891
"1108",NA,NA,5,3,0.581816601943412
"1109",NA,NA,5,1,0.18500708792488
"1110",NA,NA,5,3,0.201474685231225
"1111",NA,NA,5,3,0.453142508014301
"1112",NA,NA,3,1,2.75669971843029
"1113",NA,NA,5,1,0.0661743953942987
"1114",NA,NA,3,1,1.26928732927291
"1115",NA,NA,3,10,0.544546824478004
"1116",NA,NA,5,11,1.25544087090961
"1117",NA,NA,5,10,1.028719699351
"1118",NA,NA,5,11,1.25544087090961
"1119",NA,NA,3,3,1.13826466699049
"1120",NA,NA,5,1,0.140486805272939
"1121",NA,NA,5,1,0.202676023582377
"1122",NA,NA,3,6,2.05313940108465
"1123",NA,NA,3,1,0.639461267576873
"1124",NA,NA,2,1,0.639461267576873
"1125",NA,NA,5,NA,0.202676023582377
"1126",NA,NA,2,10,0.637018728131844
"1127",NA,NA,5,11,0.53461109771794
"1128",NA,NA,2,1,0.531783115794416
"1129",NA,NA,5,1,0.136505538017307
"1130",NA,NA,5,6,0.290661375464002
"1131",NA,NA,5,2,0.105113763617601
"1132",NA,NA,5,6,0.434350483654709
"1133",NA,NA,3,11,0.966889405402083
"1134",NA,NA,5,11,0.106963612849163
"1135",NA,NA,3,9,1.58570636671874
"1136",NA,NA,5,4,0.873730694056374
"1137",NA,NA,3,1,0.91706304625768
"1138",NA,NA,3,1,0.836665139017633
"1139",NA,NA,5,1,0.179287389676695
"1140",NA,NA,5,8,0.770803397165582
"1141",NA,NA,5,1,0.179287389676695
"1142",NA,NA,3,9,0.623205080307112
"1143",NA,NA,5,5,0.947629893873699
"1144",NA,NA,5,1,0.0704439954983273
"1145",NA,NA,5,3,0.150745562169922
"1146",NA,NA,5,1,0.605634705611819
"1147",NA,NA,3,11,1.9636606217234
"1148",NA,NA,5,6,0.403291687970999
"1149",NA,NA,3,6,1.62477811028382
"1150",NA,NA,3,NA,0.404888154492844
"1151",NA,NA,3,1,0.836665139017633
"1152",NA,NA,2,7,0.836665139017633
"1153",NA,NA,5,1,0.179287389676695
"1154",NA,NA,3,2,2.05313940108465
"1155",NA,NA,3,4,2.78798024318703
"1156",NA,NA,5,3,1.73558491504093
"1157",NA,NA,5,1,0.0661743953942987
"1158",NA,NA,5,7,0.53428967495658
"1159",NA,NA,6,1,0.189965054491617
"1160",NA,NA,3,11,0.544546824478004
"1161",NA,NA,5,1,0.240068779173038
"1162",NA,NA,6,1,0.0704439954983273
"1163",NA,NA,5,9,0.251336489483733
"1164",NA,NA,3,3,2.69159747407589
"1165",NA,NA,3,1,2.72320317928319
"1166",NA,NA,5,1,0.0661743953942987
"1167",NA,NA,3,11,7.38039280014906
"1168",NA,NA,5,9,0.53461109771794
"1169",NA,NA,3,1,9.34104491881378
"1170",NA,NA,3,1,1.26928732927291
"1171",NA,NA,5,NA,0.170661102102296
"1172",NA,NA,5,9,0.20594741169316
"1173",NA,NA,5,7,0.340350271859291
"1174",NA,NA,2,5,2.23402858433479
"1175",NA,NA,5,1,0.150745562169922
"1176",NA,NA,3,8,2.75669971843029
"1177",NA,NA,5,1,0.140486805272939
"1178",NA,NA,3,6,1.97841894030675
"1179",NA,NA,5,11,0.313435231859891
"1180",NA,NA,5,5,0.201474685231225
"1181",NA,NA,5,10,0.913012932014429
"1182",NA,NA,5,3,0.170661102102296
"1183",NA,NA,3,6,0.966889405402083
"1184",NA,NA,2,1,1.61203486152519
"1185",NA,NA,5,11,2.3129560331143
"1186",NA,NA,6,1,0.285275975888294
"1187",NA,NA,5,4,0.136505538017307
"1188",NA,NA,3,3,2.75669971843029
"1189",NA,NA,5,1,0.140486805272939
"1190",NA,NA,3,2,1.1240599652724
"1191",NA,NA,5,1,0.179287389676695
"1192",NA,NA,2,3,0.658534004592347
"1193",NA,NA,5,9,0.53461109771794
"1194",NA,NA,5,6,0.285275975888294
"1195",NA,NA,5,3,0.0704439954983273
"1196",NA,NA,5,8,0.170661102102296
"1197",NA,NA,5,5,0.251336489483733
"1198",NA,NA,5,10,0.41891292698995
"1199",NA,NA,5,9,0.0661743953942987
"1200",NA,NA,3,4,0.646717293279522
"1201",NA,NA,3,2,1.13826466699049
"1202",NA,NA,3,7,1.23707088659714
"1203",NA,NA,3,1,3.08325838058271
"1204",NA,NA,3,6,0.544546824478004
"1205",NA,NA,5,9,0.581010256337392
"1206",NA,NA,2,1,1.61203486152519
"1207",NA,NA,3,11,1.90678826226346
"1208",NA,NA,3,2,1.02569833921075
"1209",NA,NA,5,9,3.02905861234472
"1210",NA,NA,3,1,0.639461267576873
"1211",NA,NA,5,10,0.41891292698995
"1212",NA,NA,5,1,0.476085102905879
"1213",NA,NA,5,11,1.25544087090961
"1214",NA,NA,2,1,0.531783115794416
"1215",NA,NA,3,1,1.1240599652724
"1216",NA,NA,2,10,8.1620585399268
"1217",NA,NA,3,9,3.35179698370709
"1218",NA,NA,5,1,0.179287389676695
"1219",NA,NA,6,9,2.28638923414507
"1220",NA,NA,5,11,0.581816601943412
"1221",NA,NA,5,9,0.0536345334879838
"1222",NA,NA,3,3,1.26928732927291
"1223",NA,NA,3,4,2.4319547457656
"1224",NA,NA,5,1,0.202676023582377
"1225",NA,NA,3,5,1.56676925036595
"1226",NA,NA,2,11,7.38039280014906
"1227",NA,NA,3,2,2.75669971843029
"1228",NA,NA,3,5,0.639461267576873
"1229",NA,NA,5,5,0.189965054491617
"1230",NA,NA,3,1,1.62477811028382
"1231",NA,NA,5,1,0.150745562169922
"1232",NA,NA,3,11,2.49482392040588
"1233",NA,NA,5,11,0.715853099277883
"1234",NA,NA,5,9,0.189965054491617
"1235",NA,NA,5,1,0.873730694056374
"1236",NA,NA,5,11,0.53461109771794
"1237",NA,NA,5,1,0.116471257100329
"1238",NA,NA,5,2,0.873730694056374
"1239",NA,NA,5,1,0.179287389676695
"1240",NA,NA,5,2,0.20222168051119
"1241",NA,NA,5,2,0.0661743953942987
"1242",NA,NA,2,3,1.85651391488346
"1243",NA,NA,5,1,0.303682103047779
"1244",NA,NA,5,9,0.41891292698995
"1245",NA,NA,5,2,0.170661102102296
"1246",NA,NA,5,7,3.08688758216031
"1247",NA,NA,2,1,0.646717293279522
"1248",NA,NA,3,7,0.646717293279522
"1249",NA,NA,3,4,2.85971557256053
"1250",NA,NA,5,3,0.160317358052359
"1251",NA,NA,5,11,0.197323226281349
"1252",NA,NA,5,9,0.313435231859891
"1253",NA,NA,3,8,1.25881956387457
"1254",NA,NA,5,6,0.182783172432084
"1255",NA,NA,5,5,0.434350483654709
"1256",NA,NA,3,11,0.544546824478004
"1257",NA,NA,5,6,0.715853099277883
"1258",NA,NA,3,1,0.944415605661568
"1259",NA,NA,5,11,0.197323226281349
"1260",NA,NA,3,3,0.818522191146204
"1261",NA,NA,5,1,0.356723036305508
"1262",NA,NA,5,1,0.201474685231225
"1263",NA,NA,6,2,0.0949019052467635
"1264",NA,NA,5,1,0.179287389676695
"1265",NA,NA,5,1,0.755187833072538
"1266",NA,NA,3,1,1.26928732927291
"1267",NA,NA,5,6,0.0949019052467635
"1268",NA,NA,2,11,3.35179698370709
"1269",NA,NA,5,1,0.10102501649092
"1270",NA,NA,5,6,0.606410843957623
"1271",NA,NA,2,11,0.50139353783706
"1272",NA,NA,5,11,0.604352886412547
"1273",NA,NA,5,11,0.197323226281349
"1274",NA,NA,3,NA,1.59539699871563
"1275",NA,NA,5,10,0.106963612849163
"1276",NA,NA,5,4,0.53428967495658
"1277",NA,NA,5,1,2.04604295211801
"1278",NA,NA,5,11,0.41891292698995
"1279",NA,NA,5,1,0.136505538017307
"1280",NA,NA,5,11,0.806573663139512
"1281",NA,NA,2,1,0.944415605661568
"1282",NA,NA,3,11,4.84487174838835
"1283",NA,NA,3,1,1.61203486152519
"1284",NA,NA,5,3,0.140486805272939
"1285",NA,NA,5,6,0.0704439954983273
"1286",NA,NA,3,11,3.78484562492501
"1287",NA,NA,5,3,0.605634705611819
"1288",NA,NA,3,6,2.72320317928319
"1289",NA,NA,3,2,1.1240599652724
"1290",NA,NA,3,1,3.52862637390376
"1291",NA,NA,5,8,0.453142508014301
"1292",NA,NA,5,7,0.606410843957623
"1293",NA,NA,3,8,1.58570636671874
"1294",NA,NA,3,1,0.531783115794416
"1295",NA,NA,5,11,2.374951021512
"1296",NA,NA,5,9,0.170661102102296
"1297",NA,NA,5,8,0.715853099277883
"1298",NA,NA,5,3,0.303682103047779
"1299",NA,NA,3,10,2.72004411686499
"1300",NA,NA,5,8,1.25544087090961
"1301",NA,NA,5,1,0.10102501649092
"1302",NA,NA,5,1,0.0704439954983273
"1303",NA,NA,3,9,3.226808666441
"1304",NA,NA,5,1,0.179287389676695
"1305",NA,NA,5,7,0.189965054491617
"1306",NA,NA,2,11,3.35179698370709
"1307",NA,NA,5,11,0.806573663139512
"1308",NA,NA,3,4,0.818522191146204
"1309",NA,NA,3,11,2.49482392040588
"1310",NA,NA,2,11,1.92842476370931
"1311",NA,NA,5,3,0.605634705611819
"1312",NA,NA,6,11,0.197323226281349
"1313",NA,NA,3,9,3.35179698370709
"1314",NA,NA,5,11,0.197323226281349
"1315",NA,NA,5,1,0.285275975888294
"1316",NA,NA,3,1,0.646717293279522
"1317",NA,NA,5,4,1.1660872022731
"1318",NA,NA,2,1,0.646717293279522
"1319",NA,NA,5,1,0.285275975888294
"1320",NA,NA,3,3,0.637018728131844
"1321",NA,NA,5,1,0.0704439954983273
"1322",NA,NA,3,11,2.49482392040588
"1323",NA,NA,5,7,0.0800313445441931
"1324",NA,NA,5,1,0.285275975888294
"1325",NA,NA,5,8,0.106963612849163
"1326",NA,NA,5,11,0.267907718339255
"1327",NA,NA,5,2,0.189965054491617
"1328",NA,NA,5,3,0.491012943113097
"1329",NA,NA,3,11,4.84487174838835
"1330",NA,NA,3,1,1.13826466699049
"1331",NA,NA,3,8,0.404888154492844
"1332",NA,NA,3,1,0.836665139017633
"1333",NA,NA,5,10,0.170661102102296
"1334",NA,NA,3,11,3.78673139494398
"1335",NA,NA,5,9,2.04604295211801
"1336",NA,NA,3,11,2.44072406823627
"1337",NA,NA,5,8,0.655309368217855
"1338",NA,NA,3,7,1.85651391488346
"1339",NA,NA,5,8,0.267907718339255
"1340",NA,NA,3,7,0.50139353783706
"1341",NA,NA,5,8,0.772902944556265
"1342",NA,NA,5,1,0.344287007052108
"1343",NA,NA,5,1,0.772902944556265
"1344",NA,NA,5,1,0.356723036305508
"1345",NA,NA,6,3,0.105113763617601
"1346",NA,NA,5,3,0.0661743953942987
"1347",NA,NA,2,8,1.56676925036595
"1348",NA,NA,3,3,1.47258527913654
"1349",NA,NA,2,1,0.836665139017633
"1350",NA,NA,3,1,1.26991974185409
"1351",NA,NA,5,1,0.140486805272939
"1352",NA,NA,5,2,0.20222168051119
"1353",NA,NA,3,1,0.646717293279522
"1354",NA,NA,5,4,2.04604295211801
"1355",NA,NA,5,1,3.02905861234472
"1356",NA,NA,5,6,0.160317358052359
"1357",NA,NA,5,1,0.202676023582377
"1358",NA,NA,5,11,0.41891292698995
"1359",NA,NA,2,11,7.51524611550168
"1360",NA,NA,5,2,0.947629893873699
"1361",NA,NA,3,8,1.26991974185409
"1362",NA,NA,5,1,0.116471257100329
"1363",NA,NA,5,NA,0.0661743953942987
"1364",NA,NA,5,1,0.0661743953942987
"1365",NA,NA,5,11,1.25544087090961
"1366",NA,NA,5,6,0.116471257100329
"1367",NA,NA,5,3,0.150745562169922
"1368",NA,NA,3,3,0.935973009383049
"1369",NA,NA,5,1,0.105113763617601
"1370",NA,NA,5,7,0.41891292698995
"1371",NA,NA,3,9,3.11294683228514
"1372",NA,NA,5,1,0.0704439954983273
"1373",NA,NA,5,5,0.160317358052359
"1374",NA,NA,5,3,0.0704439954983273
"1375",NA,NA,5,11,0.251336489483733
"1376",NA,NA,3,11,1.23707088659714
"1377",NA,NA,3,10,2.49482392040588
"1378",NA,NA,5,1,0.105113763617601
"1379",NA,NA,5,7,0.0503837523796739
"1380",NA,NA,3,1,0.531783115794416
"1381",NA,NA,3,1,0.639461267576873
"1382",NA,NA,5,4,0.285275975888294
"1383",NA,NA,5,NA,0.453142508014301
"1384",NA,NA,3,5,0.531783115794416
"1385",NA,NA,5,7,0.53461109771794
"1386",NA,NA,3,1,0.818522191146204
"1387",NA,NA,5,10,0.210054604670803
"1388",NA,NA,5,1,1.42308301639589
"1389",NA,NA,5,6,0.755187833072538
"1390",NA,NA,6,5,1.25544087090961
"1391",NA,NA,3,1,0.836665139017633
"1392",NA,NA,5,7,0.315557513347229
"1393",NA,NA,5,1,0.285275975888294
"1394",NA,NA,3,1,0.646717293279522
"1395",NA,NA,5,8,0.340350271859291
"1396",NA,NA,3,1,0.818522191146204
"1397",NA,NA,3,1,7.29758641719004
"1398",NA,NA,5,1,0.772902944556265
"1399",NA,NA,5,1,0.776496577505447
"1400",NA,NA,3,11,2.49482392040588
"1401",NA,NA,2,1,0.531783115794416
"1402",NA,NA,5,7,3.02905861234472
"1403",NA,NA,5,1,0.0661743953942987
"1404",NA,NA,5,1,0.240068779173038
"1405",NA,NA,3,1,14.4852150447094
"1406",NA,NA,5,7,0.170661102102296
"1407",NA,NA,5,1,0.105113763617601
"1408",NA,NA,3,7,0.486871968682337
"1409",NA,NA,5,1,0.0661743953942987
"1410",NA,NA,2,7,0.966889405402083
"1411",NA,NA,3,1,2.78798024318703
"1412",NA,NA,5,1,0.605634705611819
"1413",NA,NA,3,11,1.58570636671874
"1414",NA,NA,5,3,1.42308301639589
"1415",NA,NA,5,1,1.40182955772682
"1416",NA,NA,5,11,0.313435231859891
"1417",NA,NA,5,1,0.0704439954983273
"1418",NA,NA,5,1,0.873730694056374
"1419",NA,NA,5,1,0.0661743953942987
"1420",NA,NA,2,10,3.35179698370709
"1421",NA,NA,3,11,0.486871968682337
"1422",NA,NA,5,10,0.604352886412547
"1423",NA,NA,5,11,1.028719699351
"1424",NA,NA,3,1,2.75669971843029
"1425",NA,NA,5,11,0.604352886412547
"1426",NA,NA,5,8,0.0704439954983273
"1427",NA,NA,5,1,0.453142508014301
"1428",NA,NA,5,1,0.285275975888294
"1429",NA,NA,3,6,1.47258527913654
"1430",NA,NA,5,7,0.403291687970999
"1431",NA,NA,5,3,1.42308301639589
"1432",NA,NA,3,2,7.72669637230079
"1433",NA,NA,5,3,0.303682103047779
"1434",NA,NA,3,9,1.58570636671874
"1435",NA,NA,5,1,1.42308301639589
"1436",NA,NA,3,3,0.836665139017633
"1437",NA,NA,5,11,0.0800313445441931
"1438",NA,NA,5,1,0.179287389676695
"1439",NA,NA,5,6,0.399761376077992
"1440",NA,NA,5,1,0.257119309751989
"1441",NA,NA,5,3,0.301747250042225
"1442",NA,NA,3,11,3.11294683228514
"1443",NA,NA,2,3,8.1620585399268
"1444",NA,NA,5,6,0.189965054491617
"1445",NA,NA,5,7,0.0661743953942987
"1446",NA,NA,2,11,0.966889405402083
"1447",NA,NA,5,2,0.340350271859291
"1448",NA,NA,2,11,1.9636606217234
"1449",NA,NA,3,11,2.44072406823627
"1450",NA,NA,5,4,0.154313137651292
"1451",NA,NA,3,11,1.90678826226346
"1452",NA,NA,5,2,0.20594741169316
"1453",NA,NA,5,3,0.403291687970999
"1454",NA,NA,5,2,0.240068779173038
"1455",NA,NA,3,11,2.49482392040588
"1456",NA,NA,3,11,3.35179698370709
"1457",NA,NA,2,1,2.78798024318703
"1458",NA,NA,3,10,0.855834928490615
"1459",NA,NA,5,6,3.02905861234472
"1460",NA,NA,5,11,0.715853099277883
"1461",NA,NA,5,11,0.53461109771794
"1462",NA,NA,5,11,0.806573663139512
"1463",NA,NA,3,3,4.27494690558516
"1464",NA,NA,3,10,2.44072406823627
"1465",NA,NA,2,4,1.1240599652724
"1466",NA,NA,5,3,0.947629893873699
"1467",NA,NA,6,9,0.197323226281349
"1468",NA,NA,5,6,0.202676023582377
"1469",NA,NA,5,3,0.251669871323344
"1470",NA,NA,5,11,0.984335716272819
"1471",NA,NA,5,1,0.179287389676695
"1472",NA,NA,5,1,0.140486805272939
"1473",NA,NA,5,8,0.0800313445441931
"1474",NA,NA,3,1,0.646717293279522
"1475",NA,NA,5,1,0.605634705611819
"1476",NA,NA,3,11,1.58570636671874
"1477",NA,NA,5,1,0.140486805272939
"1478",NA,NA,5,11,0.210054604670803
"1479",NA,NA,3,9,2.44072406823627
"1480",NA,NA,5,1,0.160317358052359
"1481",NA,NA,5,5,1.1660872022731
"1482",NA,NA,3,6,0.927469044825521
"1483",NA,NA,5,7,0.136505538017307
"1484",NA,NA,5,4,0.0949019052467635
"1485",NA,NA,3,1,0.818522191146204
"1486",NA,NA,3,1,8.1620585399268
"1487",NA,NA,5,3,0.605634705611819
"1488",NA,NA,5,11,2.374951021512
"1489",NA,NA,5,6,0.303682103047779
"1490",NA,NA,2,1,4.84579121032168
"1491",NA,NA,2,9,1.9636606217234
"1492",NA,NA,2,NA,1.47258527913654
"1493",NA,NA,2,11,3.35179698370709
"1494",NA,NA,5,1,0.387918740212874
"1495",NA,NA,2,1,1.26991974185409
"1496",NA,NA,5,5,0.340350271859291
"1497",NA,NA,3,1,0.531783115794416
"1498",NA,NA,3,1,0.639461267576873
"1499",NA,NA,5,1,0.240068779173038
"1500",NA,NA,5,8,0.301747250042225
"1501",NA,NA,5,11,0.41891292698995
"1502",NA,NA,5,2,0.605634705611819
"1503",NA,NA,6,7,0.160317358052359
"1504",NA,NA,5,8,0.0800313445441931
"1505",NA,NA,3,6,0.623205080307112
"1506",NA,NA,5,1,0.10102501649092
"1507",NA,NA,5,9,0.581816601943412
"1508",NA,NA,3,1,1.82121502273392
"1509",NA,NA,5,11,0.604352886412547
"1510",NA,NA,3,NA,0.966407900150668
"1511",NA,NA,2,11,1.90678826226346
"1512",NA,NA,5,4,0.340350271859291
"1513",NA,NA,3,6,0.544546824478004
"1514",NA,NA,5,8,0.251336489483733
"1515",NA,NA,5,1,0.0661743953942987
"1516",NA,NA,5,1,0.2472659511077
"1517",NA,NA,6,5,0.873730694056374
"1518",NA,NA,5,1,0.254653794382318
"1519",NA,NA,5,2,0.0704439954983273
"1520",NA,NA,5,1,0.605634705611819
"1521",NA,NA,5,2,0.340350271859291
"1522",NA,NA,3,1,0.836665139017633
"1523",NA,NA,2,11,1.9636606217234
"1524",NA,NA,5,2,0.0503837523796739
"1525",NA,NA,5,1,0.0704439954983273
"1526",NA,NA,5,1,0.330107216048111
"1527",NA,NA,5,1,1.42308301639589
"1528",NA,NA,5,11,0.604352886412547
"1529",NA,NA,3,10,3.78673139494398
"1530",NA,NA,5,1,0.240068779173038
"1531",NA,NA,5,11,2.374951021512
"1532",NA,NA,3,4,1.28832403640454
"1533",NA,NA,5,1,0.285275975888294
"1534",NA,NA,3,1,1.13826466699049
"1535",NA,NA,2,3,1.83568423733547
"1536",NA,NA,3,11,1.90678826226346
"1537",NA,NA,5,10,0.606410843957623
"1538",NA,NA,3,9,0.658534004592347
"1539",NA,NA,5,2,0.140486805272939
"1540",NA,NA,6,5,0.160317358052359
"1541",NA,NA,5,9,1.03492982218921
"1542",NA,NA,5,1,0.202676023582377
"1543",NA,NA,3,1,0.836665139017633
"1544",NA,NA,3,1,0.646717293279522
"1545",NA,NA,5,1,0.179287389676695
"1546",NA,NA,5,2,0.189965054491617
"1547",NA,NA,5,7,0.20594741169316
"1548",NA,NA,5,4,0.179287389676695
"1549",NA,NA,5,3,0.605634705611819
"1550",NA,NA,5,1,0.160317358052359
"1551",NA,NA,5,1,0.303682103047779
"1552",NA,NA,5,1,0.799734042684008
"1553",NA,NA,3,2,0.818522191146204
"1554",NA,NA,3,3,0.818522191146204
"1555",NA,NA,2,11,0.544546824478004
"1556",NA,NA,3,11,2.132666409154
"1557",NA,NA,3,1,1.82030806833717
"1558",NA,NA,5,4,0.251336489483733
"1559",NA,NA,5,2,0.0704439954983273
"1560",NA,NA,5,4,0.189965054491617
"1561",NA,NA,5,1,0.202676023582377
"1562",NA,NA,3,6,5.47458864563267
"1563",NA,NA,5,9,0.947629893873699
"1564",NA,NA,3,6,0.486871968682337
"1565",NA,NA,3,11,8.02598488842625
"1566",NA,NA,5,5,0.106963612849163
"1567",NA,NA,5,8,0.53428967495658
"1568",NA,NA,5,6,2.3129560331143
"1569",NA,NA,5,2,0.340350271859291
"1570",NA,NA,5,1,0.140486805272939
"1571",NA,NA,3,2,1.26991974185409
"1572",NA,NA,5,10,0.197323226281349
"1573",NA,NA,5,11,0.606410843957623
"1574",NA,NA,5,1,0.776496577505447
"1575",NA,NA,3,1,2.83892175661485
"1576",NA,NA,5,1,0.0704439954983273
"1577",NA,NA,2,8,1.58570636671874
"1578",NA,NA,6,1,0.581816601943412
"1579",NA,NA,3,1,12.8278680048324
"1580",NA,NA,5,2,0.18500708792488
"1581",NA,NA,6,3,0.170661102102296
"1582",NA,NA,5,11,0.41891292698995
"1583",NA,NA,5,2,0.340350271859291
"1584",NA,NA,5,1,0.105113763617601
"1585",NA,NA,5,1,0.18500708792488
"1586",NA,NA,5,NA,0.105113763617601
"1587",NA,NA,5,1,0.0704439954983273
"1588",NA,NA,3,7,7.0043731907385
"1589",NA,NA,5,9,0.210054604670803
"1590",NA,NA,3,1,3.08325838058271
"1591",NA,NA,5,9,0.387918740212874
"1592",NA,NA,3,8,1.58570636671874
"1593",NA,NA,5,4,0.453142508014301
"1594",NA,NA,3,11,2.44072406823627
"1595",NA,NA,3,1,0.836665139017633
"1596",NA,NA,3,11,1.90678826226346
"1597",NA,NA,5,9,0.0536345334879838
"1598",NA,NA,5,1,0.202676023582377
"1599",NA,NA,5,2,0.285275975888294
"1600",NA,NA,5,6,0.770803397165582
"1601",NA,NA,3,1,1.1240599652724
"1602",NA,NA,3,1,0.639461267576873
"1603",NA,NA,5,3,0.303682103047779
"1604",NA,NA,5,3,0.606410843957623
"1605",NA,NA,3,1,2.29250220444386
"1606",NA,NA,3,1,1.89043582977331
"1607",NA,NA,6,5,0.160317358052359
"1608",NA,NA,5,1,0.403291687970999
"1609",NA,NA,5,11,0.604352886412547
"1610",NA,NA,5,6,0.160317358052359
"1611",NA,NA,5,1,0.105113763617601
"1612",NA,NA,3,1,2.29250220444386
"1613",NA,NA,5,3,0.20222168051119
"1614",NA,NA,5,9,0.0503837523796739
"1615",NA,NA,5,1,0.140486805272939
"1616",NA,NA,5,11,2.374951021512
"1617",NA,NA,5,11,0.197323226281349
"1618",NA,NA,3,10,3.35179698370709
"1619",NA,NA,5,11,0.197323226281349
"1620",NA,NA,5,4,0.0704439954983273
"1621",NA,NA,3,1,0.818522191146204
"1622",NA,NA,5,11,0.53461109771794
"1623",NA,NA,3,4,0.966889405402083
"1624",NA,NA,5,1,0.201474685231225
"1625",NA,NA,6,8,0.399761376077992
"1626",NA,NA,2,1,0.646717293279522
"1627",NA,NA,5,2,0.170661102102296
"1628",NA,NA,5,9,0.606410843957623
"1629",NA,NA,5,1,0.0661743953942987
"1630",NA,NA,5,1,0.179287389676695
"1631",NA,NA,5,11,0.0800313445441931
"1632",NA,NA,5,4,0.606410843957623
"1633",NA,NA,5,10,0.315557513347229
"1634",NA,NA,5,11,0.604352886412547
"1635",NA,NA,5,9,0.715853099277883
"1636",NA,NA,5,1,0.0704439954983273
"1637",NA,NA,5,5,1.1660872022731
"1638",NA,NA,5,1,0.290661375464002
"1639",NA,NA,5,1,0.257119309751989
"1640",NA,NA,2,11,3.35179698370709
"1641",NA,NA,5,1,1.42308301639589
"1642",NA,NA,3,1,0.836665139017633
"1643",NA,NA,6,6,0.53428967495658
"1644",NA,NA,6,6,0.182783172432084
"1645",NA,NA,2,1,8.1620585399268
"1646",NA,NA,5,4,0.303682103047779
"1647",NA,NA,5,11,0.984335716272819
"1648",NA,NA,5,11,0.189965054491617
"1649",NA,NA,5,1,0.330107216048111
"1650",NA,NA,5,4,2.28638923414507
"1651",NA,NA,5,3,2.92445166029745
"1652",NA,NA,2,1,1.56676925036595
"1653",NA,NA,5,1,0.105113763617601
"1654",NA,NA,5,9,0.340350271859291
"1655",NA,NA,5,5,0.140486805272939
"1656",NA,NA,5,2,0.285275975888294
"1657",NA,NA,5,9,1.25544087090961
"1658",NA,NA,3,7,1.54919044418756
"1659",NA,NA,5,1,0.476085102905879
"1660",NA,NA,5,6,0.491012943113097
"1661",NA,NA,5,5,0.179287389676695
"1662",NA,NA,3,8,2.49482392040588
"1663",NA,NA,5,11,0.53461109771794
"1664",NA,NA,5,1,0.453142508014301
"1665",NA,NA,5,6,0.53428967495658
"1666",NA,NA,5,7,0.106963612849163
"1667",NA,NA,2,11,2.49482392040588
"1668",NA,NA,5,9,0.984335716272819
"1669",NA,NA,2,1,1.1240599652724
"1670",NA,NA,3,1,0.762639848331707
"1671",NA,NA,5,4,0.201474685231225
"1672",NA,NA,2,1,1.26991974185409
"1673",NA,NA,5,3,0.10102501649092
"1674",NA,NA,5,11,1.25544087090961
"1675",NA,NA,3,1,0.836665139017633
"1676",NA,NA,3,4,5.47458864563267
"1677",NA,NA,3,4,2.69159747407589
"1678",NA,NA,5,3,0.189965054491617
"1679",NA,NA,5,1,0.179287389676695
"1680",NA,NA,2,6,0.50139353783706
"1681",NA,NA,5,9,0.20594741169316
"1682",NA,NA,5,11,0.399761376077992
"1683",NA,NA,3,3,3.08325838058271
"1684",NA,NA,5,1,0.873730694056374
"1685",NA,NA,2,1,5.47458864563267
"1686",NA,NA,5,11,0.210054604670803
"1687",NA,NA,3,5,0.637018728131844
"1688",NA,NA,3,6,0.646717293279522
"1689",NA,NA,5,9,0.715853099277883
"1690",1,43,3,6,2.29250220444386
"1691",1,32,5,NA,0.0536345334879838
"1692",1,44,5,NA,0.313435231859891
